participant,biomarker,measurement,diseased
0,HIP-FCI (1),8.761792016567291,False
1,HIP-FCI (1),-1.7536437513067624,True
2,HIP-FCI (1),-8.662429842432957,True
3,HIP-FCI (1),-15.668449951029487,True
4,HIP-FCI (1),-7.14997427244289,True
5,HIP-FCI (1),6.176145820148936,False
6,HIP-FCI (1),0.8412322972008637,True
7,HIP-FCI (1),-13.683523229517645,True
8,HIP-FCI (1),-12.066064392763678,True
9,HIP-FCI (1),-17.168541196160966,True
10,HIP-FCI (1),4.480644231687339,True
11,HIP-FCI (1),1.9331929920517261,True
12,HIP-FCI (1),4.78949802967152,False
13,HIP-FCI (1),-11.426094500437605,True
14,HIP-FCI (1),-16.704464214425712,True
15,HIP-FCI (1),-4.739776041800006,True
16,HIP-FCI (1),-10.33744123120353,True
17,HIP-FCI (1),-11.890051667078808,True
18,HIP-FCI (1),-2.114961023682604,True
19,HIP-FCI (1),0.6053096785002268,True
20,HIP-FCI (1),6.669553978012488,False
21,HIP-FCI (1),3.664323136373305,False
22,HIP-FCI (1),-13.393949326203675,True
23,HIP-FCI (1),-6.219001398194406,True
24,HIP-FCI (1),-4.289545133660694,True
25,HIP-FCI (1),0.7034231375189233,False
26,HIP-FCI (1),-12.15341708355192,True
27,HIP-FCI (1),-2.3173764290617553,True
28,HIP-FCI (1),3.035755926178643,True
29,HIP-FCI (1),1.502948706681722,True
30,HIP-FCI (1),3.27115776977728,False
31,HIP-FCI (1),-10.875134675573607,True
32,HIP-FCI (1),3.4828987506621583,False
33,HIP-FCI (1),-4.852421823617157,True
34,HIP-FCI (1),-1.7073729334798102,True
35,HIP-FCI (1),6.743237950788589,False
36,HIP-FCI (1),-11.36204911314996,True
37,HIP-FCI (1),-11.422226250361787,True
38,HIP-FCI (1),2.4755800437878674,True
39,HIP-FCI (1),6.052870068406037,False
40,HIP-FCI (1),1.2414311366416753,True
41,HIP-FCI (1),-5.4268717882534245,True
42,HIP-FCI (1),7.730534032708237,True
43,HIP-FCI (1),7.662056917293391,False
44,HIP-FCI (1),3.714777612690115,False
45,HIP-FCI (1),4.663426772509874,True
46,HIP-FCI (1),-1.1800416547894281,True
47,HIP-FCI (1),2.311446730658499,True
48,HIP-FCI (1),4.877875701008795,False
49,HIP-FCI (1),-4.236304405463534,True
50,HIP-FCI (1),-1.6715553008417756,True
51,HIP-FCI (1),-4.78264925700403,True
52,HIP-FCI (1),7.713705425112078,False
53,HIP-FCI (1),-10.664575880179012,True
54,HIP-FCI (1),4.169264833420029,False
55,HIP-FCI (1),-9.595371704264863,True
56,HIP-FCI (1),1.7861013513836568,True
57,HIP-FCI (1),4.043746610998022,False
58,HIP-FCI (1),-12.399777409452208,True
59,HIP-FCI (1),3.665917907263669,False
60,HIP-FCI (1),-6.0117498137723615,True
61,HIP-FCI (1),-11.114237815049886,True
62,HIP-FCI (1),0.7759891869421178,True
63,HIP-FCI (1),-3.4179791947544995,True
64,HIP-FCI (1),-5.487642557982785,True
65,HIP-FCI (1),1.9850769125081986,False
66,HIP-FCI (1),-8.916631110847819,True
67,HIP-FCI (1),-8.727498754966254,True
68,HIP-FCI (1),-0.7251272341373287,True
69,HIP-FCI (1),-1.2284571940169435,True
70,HIP-FCI (1),-12.001074223603311,True
71,HIP-FCI (1),-5.675646122065813,True
72,HIP-FCI (1),-14.501438409247697,True
73,HIP-FCI (1),6.304097617208399,True
74,HIP-FCI (1),3.7079214551734747,True
75,HIP-FCI (1),-3.7962564639671115,True
76,HIP-FCI (1),-11.897948221948841,True
77,HIP-FCI (1),-5.798909689257591,True
78,HIP-FCI (1),5.422734512578694,False
79,HIP-FCI (1),2.7765684551137584,False
80,HIP-FCI (1),-0.4780511216694814,True
81,HIP-FCI (1),-2.7444211902993905,True
82,HIP-FCI (1),0.4847145098217469,True
83,HIP-FCI (1),-9.685001798216506,True
84,HIP-FCI (1),-9.702229241972981,True
85,HIP-FCI (1),-13.064681880067676,True
86,HIP-FCI (1),-10.550010735213327,True
87,HIP-FCI (1),-3.2875324076860784,True
88,HIP-FCI (1),2.889886979081152,False
89,HIP-FCI (1),4.937019583260159,False
90,HIP-FCI (1),-3.2540341700272997,True
91,HIP-FCI (1),4.162883018417066,False
92,HIP-FCI (1),-9.07407331705555,True
93,HIP-FCI (1),5.778574650183984,False
94,HIP-FCI (1),-10.424966360621255,True
95,HIP-FCI (1),7.185213828725145,False
96,HIP-FCI (1),-2.7625991353463784,True
97,HIP-FCI (1),-5.62802597358938,True
98,HIP-FCI (1),7.8742726295528644,False
99,HIP-FCI (1),-2.762901394146397,True
100,HIP-FCI (1),8.029286020584937,True
101,HIP-FCI (1),6.204431382707451,True
102,HIP-FCI (1),-2.4114622304184348,True
103,HIP-FCI (1),-9.029804839461164,True
104,HIP-FCI (1),-11.421278340566918,True
105,HIP-FCI (1),-1.4093357104120718,True
106,HIP-FCI (1),-20.45260692216433,True
107,HIP-FCI (1),4.185941420423838,True
108,HIP-FCI (1),-10.27199723385587,True
109,HIP-FCI (1),4.751409750441452,True
110,HIP-FCI (1),3.4953913653491178,False
111,HIP-FCI (1),-8.720441028126139,True
112,HIP-FCI (1),3.3072721579645554,False
113,HIP-FCI (1),-0.4353086922984879,True
114,HIP-FCI (1),-9.175361535021157,True
115,HIP-FCI (1),-9.284518303879697,True
116,HIP-FCI (1),-10.974194635922863,True
117,HIP-FCI (1),-17.422126356016168,True
118,HIP-FCI (1),-2.844045444611714,True
119,HIP-FCI (1),5.636573334331096,True
120,HIP-FCI (1),-8.749711898493942,True
121,HIP-FCI (1),-3.649610593657986,True
122,HIP-FCI (1),-6.993670248423829,True
123,HIP-FCI (1),-7.593744426528367,True
124,HIP-FCI (1),0.021394852555927102,True
125,HIP-FCI (1),-14.085120225500548,True
126,HIP-FCI (1),0.6896572312555458,True
127,HIP-FCI (1),3.230774870340971,False
128,HIP-FCI (1),6.417162562048589,False
129,HIP-FCI (1),-13.021392394342197,True
130,HIP-FCI (1),2.945563012159508,False
131,HIP-FCI (1),-0.8167094426853048,True
132,HIP-FCI (1),7.245538534866059,False
133,HIP-FCI (1),-7.215381341838925,True
134,HIP-FCI (1),6.786714326633441,False
135,HIP-FCI (1),-10.386919312855472,True
136,HIP-FCI (1),-8.140425237171463,True
137,HIP-FCI (1),-4.398356476710663,True
138,HIP-FCI (1),-13.77813525252263,True
139,HIP-FCI (1),5.432282655257987,False
140,HIP-FCI (1),-11.85599001998603,True
141,HIP-FCI (1),-3.4789421293458336,True
142,HIP-FCI (1),-12.978989524133304,True
143,HIP-FCI (1),6.8208082473800875,False
144,HIP-FCI (1),-12.898360285359393,True
145,HIP-FCI (1),0.8424925149597229,True
146,HIP-FCI (1),-2.756667175602244,True
147,HIP-FCI (1),-10.348902620862876,True
148,HIP-FCI (1),5.862492835186499,False
149,HIP-FCI (1),-4.751708877972658,True
150,HIP-FCI (1),4.161643822119835,False
151,HIP-FCI (1),-8.082315380225584,True
152,HIP-FCI (1),4.351617585657419,False
153,HIP-FCI (1),-10.092754264184332,True
154,HIP-FCI (1),2.530450528212911,True
155,HIP-FCI (1),-9.265872135082363,True
156,HIP-FCI (1),0.9428022076486382,True
157,HIP-FCI (1),1.319744024445229,True
158,HIP-FCI (1),-8.956503797966192,True
159,HIP-FCI (1),7.248497403247645,False
160,HIP-FCI (1),-7.753149366047815,True
161,HIP-FCI (1),-10.948056137483407,True
162,HIP-FCI (1),0.05979605759983375,True
163,HIP-FCI (1),-1.8347308841400918,True
164,HIP-FCI (1),3.690829743942272,False
165,HIP-FCI (1),4.628751200557513,True
166,HIP-FCI (1),-2.732872006692389,True
167,HIP-FCI (1),5.616770349303178,False
168,HIP-FCI (1),-7.376008881174193,True
169,HIP-FCI (1),-2.016815755195919,True
170,HIP-FCI (1),1.0474156905656882,True
171,HIP-FCI (1),-9.697037815771292,True
172,HIP-FCI (1),-1.972793061503058,True
173,HIP-FCI (1),-1.7934007642051468,True
174,HIP-FCI (1),4.1707247332457,False
175,HIP-FCI (1),4.657390058692203,False
176,HIP-FCI (1),4.3923241430607245,False
177,HIP-FCI (1),-10.706105696210301,True
178,HIP-FCI (1),-11.872899252226365,True
179,HIP-FCI (1),-3.649601681807373,True
180,HIP-FCI (1),6.487658602905608,False
181,HIP-FCI (1),-10.649547341691136,True
182,HIP-FCI (1),-3.9035812233527785,True
183,HIP-FCI (1),-6.100568364658566,True
184,HIP-FCI (1),6.419656413647911,False
185,HIP-FCI (1),-5.2267000204995515,True
186,HIP-FCI (1),-12.712949376883683,True
187,HIP-FCI (1),6.579392182824318,False
188,HIP-FCI (1),0.964332850357728,True
189,HIP-FCI (1),-6.945708975637984,True
190,HIP-FCI (1),6.753912257223509,False
191,HIP-FCI (1),4.77765055677205,True
192,HIP-FCI (1),-3.6223913210256655,True
193,HIP-FCI (1),-8.371028712624927,True
194,HIP-FCI (1),-2.5414424736185954,True
195,HIP-FCI (1),5.041945843515671,False
196,HIP-FCI (1),4.179446747141371,False
197,HIP-FCI (1),-3.039478190442094,True
198,HIP-FCI (1),-0.730746132931773,True
199,HIP-FCI (1),5.046199935311098,True
0,PCC-FCI (2),11.55364151190544,False
1,PCC-FCI (2),-5.845381714256808,True
2,PCC-FCI (2),8.93468460322093,True
3,PCC-FCI (2),3.743552257545728,True
4,PCC-FCI (2),11.545770461020854,True
5,PCC-FCI (2),12.492187101824303,False
6,PCC-FCI (2),9.385279861214617,True
7,PCC-FCI (2),5.522066844294811,True
8,PCC-FCI (2),7.90863266760543,True
9,PCC-FCI (2),12.539279955203275,True
10,PCC-FCI (2),6.967751763058594,True
11,PCC-FCI (2),4.530689362243814,True
12,PCC-FCI (2),16.851482665388808,False
13,PCC-FCI (2),17.048084060752124,True
14,PCC-FCI (2),7.584930107340533,True
15,PCC-FCI (2),12.40334223864661,True
16,PCC-FCI (2),10.938659995608745,True
17,PCC-FCI (2),16.305256675126913,True
18,PCC-FCI (2),7.246106283414936,True
19,PCC-FCI (2),6.892582070542485,True
20,PCC-FCI (2),14.793153997324168,False
21,PCC-FCI (2),13.431554517739668,False
22,PCC-FCI (2),1.8281768448616793,True
23,PCC-FCI (2),3.2323537137859013,True
24,PCC-FCI (2),1.9104009497501977,True
25,PCC-FCI (2),5.298382611554894,False
26,PCC-FCI (2),0.5764888945163991,True
27,PCC-FCI (2),-0.8598778502612108,True
28,PCC-FCI (2),6.959031999921545,True
29,PCC-FCI (2),2.848764094507012,True
30,PCC-FCI (2),8.02761096466204,False
31,PCC-FCI (2),2.74764665251686,True
32,PCC-FCI (2),10.519545593688113,False
33,PCC-FCI (2),9.087110617765255,True
34,PCC-FCI (2),8.477914478619192,True
35,PCC-FCI (2),17.473048917021444,False
36,PCC-FCI (2),10.927965834232563,True
37,PCC-FCI (2),5.257089212861553,True
38,PCC-FCI (2),7.700825440905317,True
39,PCC-FCI (2),19.947523333891702,False
40,PCC-FCI (2),5.189389475641272,True
41,PCC-FCI (2),13.367736638341471,True
42,PCC-FCI (2),17.321175337581863,True
43,PCC-FCI (2),15.143206209411295,False
44,PCC-FCI (2),18.580636081733267,False
45,PCC-FCI (2),4.056258074103967,True
46,PCC-FCI (2),3.699993845698505,True
47,PCC-FCI (2),13.623185027329303,True
48,PCC-FCI (2),15.001776951518224,False
49,PCC-FCI (2),-0.050123194423767004,True
50,PCC-FCI (2),5.294040401532712,True
51,PCC-FCI (2),2.8902732829942948,True
52,PCC-FCI (2),3.5368358683451593,False
53,PCC-FCI (2),16.899046211269148,True
54,PCC-FCI (2),8.796173477979288,False
55,PCC-FCI (2),9.477153706245373,True
56,PCC-FCI (2),8.736826493318839,True
57,PCC-FCI (2),7.764394959659305,False
58,PCC-FCI (2),13.675381355770371,True
59,PCC-FCI (2),13.525689579612079,False
60,PCC-FCI (2),8.735354449644737,True
61,PCC-FCI (2),14.773467668234197,True
62,PCC-FCI (2),11.263385145866682,True
63,PCC-FCI (2),2.0113188088016836,True
64,PCC-FCI (2),8.418934660180813,True
65,PCC-FCI (2),7.145097663455345,False
66,PCC-FCI (2),6.122674849088539,True
67,PCC-FCI (2),7.819346672446235,True
68,PCC-FCI (2),7.684832965798636,True
69,PCC-FCI (2),2.5809407391328647,True
70,PCC-FCI (2),6.623040239498662,True
71,PCC-FCI (2),16.59228131171061,True
72,PCC-FCI (2),6.983590016148362,True
73,PCC-FCI (2),3.5182761142723114,True
74,PCC-FCI (2),6.643885913568211,True
75,PCC-FCI (2),0.40100302384459674,True
76,PCC-FCI (2),13.081519536059501,True
77,PCC-FCI (2),18.400717569809906,True
78,PCC-FCI (2),5.366972885551671,False
79,PCC-FCI (2),8.924524718091467,False
80,PCC-FCI (2),4.661496007218139,True
81,PCC-FCI (2),9.876886874558199,True
82,PCC-FCI (2),7.131695435630466,True
83,PCC-FCI (2),2.786920247277869,True
84,PCC-FCI (2),2.149677530397707,True
85,PCC-FCI (2),10.844459706298304,True
86,PCC-FCI (2),4.0187733769486895,True
87,PCC-FCI (2),7.0881736849027845,True
88,PCC-FCI (2),9.685298450305906,False
89,PCC-FCI (2),11.834063074045732,False
90,PCC-FCI (2),1.792408638996419,True
91,PCC-FCI (2),13.98397918739563,False
92,PCC-FCI (2),3.6757560397950835,True
93,PCC-FCI (2),13.229615055951294,False
94,PCC-FCI (2),7.170792182939128,True
95,PCC-FCI (2),10.060489396628265,False
96,PCC-FCI (2),2.6759213857156285,True
97,PCC-FCI (2),2.694354470494452,True
98,PCC-FCI (2),11.817624855654028,False
99,PCC-FCI (2),5.291585681132945,True
100,PCC-FCI (2),5.9415140740247425,True
101,PCC-FCI (2),7.600435636115668,True
102,PCC-FCI (2),7.238741512816438,True
103,PCC-FCI (2),4.014855147807342,True
104,PCC-FCI (2),13.609512023861104,True
105,PCC-FCI (2),4.096788195379913,True
106,PCC-FCI (2),4.562328549256279,True
107,PCC-FCI (2),3.222233325211162,True
108,PCC-FCI (2),12.288695906512977,True
109,PCC-FCI (2),2.7091720571202047,True
110,PCC-FCI (2),5.805802047273599,False
111,PCC-FCI (2),5.254939307239694,True
112,PCC-FCI (2),11.102711168587033,False
113,PCC-FCI (2),3.688416415783877,True
114,PCC-FCI (2),9.903352673220049,True
115,PCC-FCI (2),1.12471425799813,True
116,PCC-FCI (2),-1.6703000622052535,True
117,PCC-FCI (2),2.0170563225002125,True
118,PCC-FCI (2),8.575662321445526,True
119,PCC-FCI (2),6.034780293582524,True
120,PCC-FCI (2),4.102594095522174,True
121,PCC-FCI (2),4.189375074404179,True
122,PCC-FCI (2),7.003984831036766,True
123,PCC-FCI (2),7.910253208929719,True
124,PCC-FCI (2),6.0479713485100595,True
125,PCC-FCI (2),9.966699469227684,True
126,PCC-FCI (2),19.36684088805834,True
127,PCC-FCI (2),12.41269186561979,False
128,PCC-FCI (2),14.871527790665596,False
129,PCC-FCI (2),0.6994130406787757,True
130,PCC-FCI (2),10.349352276572017,False
131,PCC-FCI (2),7.1205891297351345,True
132,PCC-FCI (2),18.02841484320647,False
133,PCC-FCI (2),-0.5479633295969952,True
134,PCC-FCI (2),13.334296417128405,False
135,PCC-FCI (2),7.897971147629351,True
136,PCC-FCI (2),5.6657783005626055,True
137,PCC-FCI (2),6.47355326498198,True
138,PCC-FCI (2),20.19604486528298,True
139,PCC-FCI (2),15.128374570371971,False
140,PCC-FCI (2),9.143238531698755,True
141,PCC-FCI (2),9.155367000736936,True
142,PCC-FCI (2),-1.3374105347489342,True
143,PCC-FCI (2),18.775215500957785,False
144,PCC-FCI (2),1.6822750064756815,True
145,PCC-FCI (2),7.316809405962176,True
146,PCC-FCI (2),5.973980827318143,True
147,PCC-FCI (2),-0.011859377498327994,True
148,PCC-FCI (2),9.375862026581869,False
149,PCC-FCI (2),3.681250470817653,True
150,PCC-FCI (2),8.575218565839517,False
151,PCC-FCI (2),0.8964002082423104,True
152,PCC-FCI (2),8.782349890702728,False
153,PCC-FCI (2),4.656937602084407,True
154,PCC-FCI (2),8.39249656176049,True
155,PCC-FCI (2),12.321892729788438,True
156,PCC-FCI (2),2.3815395393425303,True
157,PCC-FCI (2),7.096572724925059,True
158,PCC-FCI (2),8.977569877245825,True
159,PCC-FCI (2),16.619293092437914,False
160,PCC-FCI (2),7.570663065320839,True
161,PCC-FCI (2),17.819926109964108,True
162,PCC-FCI (2),7.119536148311076,True
163,PCC-FCI (2),7.740728462591748,True
164,PCC-FCI (2),18.477465849299215,False
165,PCC-FCI (2),9.32048871072982,True
166,PCC-FCI (2),7.975645210275663,True
167,PCC-FCI (2),13.245375835585195,False
168,PCC-FCI (2),1.3092543537449046,True
169,PCC-FCI (2),1.985817499562021,True
170,PCC-FCI (2),8.561400896974325,True
171,PCC-FCI (2),3.6704291725982365,True
172,PCC-FCI (2),0.7804182869387981,True
173,PCC-FCI (2),18.915028999162924,True
174,PCC-FCI (2),12.497166571932459,False
175,PCC-FCI (2),13.101721217012013,False
176,PCC-FCI (2),19.540242724275654,False
177,PCC-FCI (2),9.16996003400175,True
178,PCC-FCI (2),3.669043999665237,True
179,PCC-FCI (2),5.180399874182049,True
180,PCC-FCI (2),13.399349782933841,False
181,PCC-FCI (2),13.926066318058162,True
182,PCC-FCI (2),7.163620544871309,True
183,PCC-FCI (2),5.903081896916966,True
184,PCC-FCI (2),11.206932980816255,False
185,PCC-FCI (2),3.622441377887235,True
186,PCC-FCI (2),1.7044371914527252,True
187,PCC-FCI (2),8.164246857023617,False
188,PCC-FCI (2),3.7638551155156597,True
189,PCC-FCI (2),2.2496202605735665,True
190,PCC-FCI (2),18.903001179774023,False
191,PCC-FCI (2),3.377272749222217,True
192,PCC-FCI (2),7.211889774439886,True
193,PCC-FCI (2),12.576796122843739,True
194,PCC-FCI (2),5.060147877566887,True
195,PCC-FCI (2),14.877337682728765,False
196,PCC-FCI (2),12.76571414492481,False
197,PCC-FCI (2),4.977950038855238,True
198,PCC-FCI (2),3.763052695995097,True
199,PCC-FCI (2),8.583072837729775,True
0,HIP-GMI (3),0.24600014283243243,False
1,HIP-GMI (3),0.5741871777181482,True
2,HIP-GMI (3),0.05063426938616866,True
3,HIP-GMI (3),0.432494095631827,True
4,HIP-GMI (3),0.5300578409359653,True
5,HIP-GMI (3),0.5298670134330441,False
6,HIP-GMI (3),-0.1614494031959669,True
7,HIP-GMI (3),0.7979833921828576,True
8,HIP-GMI (3),0.25507574935133026,True
9,HIP-GMI (3),0.7181950942583641,True
10,HIP-GMI (3),0.9892025467233514,True
11,HIP-GMI (3),0.629311319666753,True
12,HIP-GMI (3),-0.1503135479065566,False
13,HIP-GMI (3),-0.07196033619777714,True
14,HIP-GMI (3),0.43459063062630304,True
15,HIP-GMI (3),0.5328938150413234,True
16,HIP-GMI (3),0.17239319058871766,True
17,HIP-GMI (3),0.3559336372913646,True
18,HIP-GMI (3),0.6448240519886093,True
19,HIP-GMI (3),0.3680994804221712,True
20,HIP-GMI (3),0.22979515489436758,False
21,HIP-GMI (3),0.3514873918823736,False
22,HIP-GMI (3),0.881649641804469,True
23,HIP-GMI (3),0.47830324024758997,True
24,HIP-GMI (3),0.19584841272826495,True
25,HIP-GMI (3),0.6554761619509057,False
26,HIP-GMI (3),0.8338742512779282,True
27,HIP-GMI (3),0.6497897407433908,True
28,HIP-GMI (3),0.47118888455012875,True
29,HIP-GMI (3),0.685129924825969,True
30,HIP-GMI (3),0.2103701944402933,False
31,HIP-GMI (3),-0.18011513087515552,True
32,HIP-GMI (3),0.17651858647271984,False
33,HIP-GMI (3),0.2482991797722293,True
34,HIP-GMI (3),0.37423182676674627,True
35,HIP-GMI (3),0.4692342218278654,False
36,HIP-GMI (3),0.5055694076789443,True
37,HIP-GMI (3),0.43487546369495855,True
38,HIP-GMI (3),0.816319139949496,True
39,HIP-GMI (3),0.038058821079115346,False
40,HIP-GMI (3),0.6226990031002724,True
41,HIP-GMI (3),0.32416337641111964,True
42,HIP-GMI (3),0.12032592116646412,True
43,HIP-GMI (3),0.3851206190434927,False
44,HIP-GMI (3),0.4584580099372645,False
45,HIP-GMI (3),0.3813775169848258,True
46,HIP-GMI (3),0.19983898857653676,True
47,HIP-GMI (3),0.26144859762066996,True
48,HIP-GMI (3),0.5339325015407077,False
49,HIP-GMI (3),0.35111321754089564,True
50,HIP-GMI (3),0.22603050361029758,True
51,HIP-GMI (3),0.7464835284165705,True
52,HIP-GMI (3),0.4952319001269496,False
53,HIP-GMI (3),0.655479147684785,True
54,HIP-GMI (3),0.5603924977145498,False
55,HIP-GMI (3),0.33222457616293605,True
56,HIP-GMI (3),0.44266210823674274,True
57,HIP-GMI (3),0.41839235726280083,False
58,HIP-GMI (3),0.3275245993309151,True
59,HIP-GMI (3),0.5502989776867832,False
60,HIP-GMI (3),-0.11702189559671272,True
61,HIP-GMI (3),0.197902704660565,True
62,HIP-GMI (3),0.27090927398644965,True
63,HIP-GMI (3),-0.14301355850716063,True
64,HIP-GMI (3),0.13181288536634012,True
65,HIP-GMI (3),0.21833149429289003,False
66,HIP-GMI (3),0.39103739863027026,True
67,HIP-GMI (3),0.32430252467172505,True
68,HIP-GMI (3),-0.04727878532294211,True
69,HIP-GMI (3),0.2290862637885044,True
70,HIP-GMI (3),0.09665976944750071,True
71,HIP-GMI (3),0.1075559978042514,True
72,HIP-GMI (3),0.06271885091059107,True
73,HIP-GMI (3),0.3359362131011301,True
74,HIP-GMI (3),0.529852725771797,True
75,HIP-GMI (3),0.08708689627314464,True
76,HIP-GMI (3),0.56456792515358,True
77,HIP-GMI (3),0.4897578323201192,True
78,HIP-GMI (3),0.31222681299258964,False
79,HIP-GMI (3),0.2725983935670601,False
80,HIP-GMI (3),0.30043156286201345,True
81,HIP-GMI (3),0.459475027291128,True
82,HIP-GMI (3),-0.09611144635751595,True
83,HIP-GMI (3),0.4918574832727702,True
84,HIP-GMI (3),0.2468205467159277,True
85,HIP-GMI (3),0.4889342883276029,True
86,HIP-GMI (3),0.624793497270254,True
87,HIP-GMI (3),-0.040697780140335704,True
88,HIP-GMI (3),0.6052833473128132,False
89,HIP-GMI (3),0.538031863693528,False
90,HIP-GMI (3),0.2400215509239984,True
91,HIP-GMI (3),0.28908388814584307,False
92,HIP-GMI (3),-0.24863015628431656,True
93,HIP-GMI (3),0.3539929963755991,False
94,HIP-GMI (3),0.47487342883358963,True
95,HIP-GMI (3),0.5962028539310287,False
96,HIP-GMI (3),0.7293823286918679,True
97,HIP-GMI (3),0.652980917384277,True
98,HIP-GMI (3),0.21313433814183114,False
99,HIP-GMI (3),0.47488869185936117,True
100,HIP-GMI (3),0.3121745446022349,True
101,HIP-GMI (3),0.142800568323284,True
102,HIP-GMI (3),-0.03563701436753347,True
103,HIP-GMI (3),0.44956774607364186,True
104,HIP-GMI (3),0.543982756111004,True
105,HIP-GMI (3),0.5475121015104567,True
106,HIP-GMI (3),0.34689735851699594,True
107,HIP-GMI (3),0.24122508839676124,True
108,HIP-GMI (3),0.3162576107750178,True
109,HIP-GMI (3),0.295074327804568,True
110,HIP-GMI (3),0.35246796816523596,False
111,HIP-GMI (3),0.4728586401674638,True
112,HIP-GMI (3),0.3465622487683661,False
113,HIP-GMI (3),0.44003713432151137,True
114,HIP-GMI (3),0.3710967726317459,True
115,HIP-GMI (3),0.9225860879281662,True
116,HIP-GMI (3),0.9575051592832566,True
117,HIP-GMI (3),0.24987277178625436,True
118,HIP-GMI (3),0.10298987913233398,True
119,HIP-GMI (3),0.37021457745069375,True
120,HIP-GMI (3),0.0009646115543768818,True
121,HIP-GMI (3),-0.0694767144227782,True
122,HIP-GMI (3),0.6253854153451079,True
123,HIP-GMI (3),0.027476701067608467,True
124,HIP-GMI (3),0.086807721256914,True
125,HIP-GMI (3),0.34359269478917254,True
126,HIP-GMI (3),0.21275667141997553,True
127,HIP-GMI (3),0.6265743998190397,False
128,HIP-GMI (3),0.27844321360913155,False
129,HIP-GMI (3),0.1510601672077144,True
130,HIP-GMI (3),-0.19305904663181006,False
131,HIP-GMI (3),0.200382377784337,True
132,HIP-GMI (3),0.1864163418748817,False
133,HIP-GMI (3),-0.023779173458007785,True
134,HIP-GMI (3),0.12777173376125284,False
135,HIP-GMI (3),0.1847079698420506,True
136,HIP-GMI (3),0.27218309434913546,True
137,HIP-GMI (3),-0.02251683113476355,True
138,HIP-GMI (3),-0.000886939320381197,True
139,HIP-GMI (3),0.059468221665045506,False
140,HIP-GMI (3),0.8947330915817582,True
141,HIP-GMI (3),0.2169863951212038,True
142,HIP-GMI (3),0.033766499617092105,True
143,HIP-GMI (3),0.37741664689592136,False
144,HIP-GMI (3),0.34415700664139104,True
145,HIP-GMI (3),0.09621485108700317,True
146,HIP-GMI (3),0.35761782618508847,True
147,HIP-GMI (3),0.9093574171936328,True
148,HIP-GMI (3),0.3381464955387733,False
149,HIP-GMI (3),0.29318866109472375,True
150,HIP-GMI (3),0.8013177555329074,False
151,HIP-GMI (3),0.377049367498665,True
152,HIP-GMI (3),0.6767118942141093,False
153,HIP-GMI (3),0.08383889089426194,True
154,HIP-GMI (3),0.3413880762589269,True
155,HIP-GMI (3),0.8938627846362778,True
156,HIP-GMI (3),0.18077149069968623,True
157,HIP-GMI (3),0.06576546465887692,True
158,HIP-GMI (3),-0.39766120084727735,True
159,HIP-GMI (3),0.4753285210908431,False
160,HIP-GMI (3),0.9047733809905665,True
161,HIP-GMI (3),0.2171808221765468,True
162,HIP-GMI (3),0.22993587254891915,True
163,HIP-GMI (3),0.2046790268248324,True
164,HIP-GMI (3),0.5013462006791527,False
165,HIP-GMI (3),0.45739832927894725,True
166,HIP-GMI (3),-0.03867371733128516,True
167,HIP-GMI (3),0.361676363770605,False
168,HIP-GMI (3),0.042397853169493016,True
169,HIP-GMI (3),0.3657855216085766,True
170,HIP-GMI (3),0.13603049044990626,True
171,HIP-GMI (3),0.2949873053637246,True
172,HIP-GMI (3),-0.12315424221206622,True
173,HIP-GMI (3),-0.21318122542038842,True
174,HIP-GMI (3),0.3065809277279774,False
175,HIP-GMI (3),0.8442035869208622,False
176,HIP-GMI (3),0.8261371085391509,False
177,HIP-GMI (3),0.3324031091476271,True
178,HIP-GMI (3),0.28035360196930337,True
179,HIP-GMI (3),0.6468886899922741,True
180,HIP-GMI (3),0.6834217193557324,False
181,HIP-GMI (3),0.400518388040914,True
182,HIP-GMI (3),0.289150469051153,True
183,HIP-GMI (3),0.8538201623127304,True
184,HIP-GMI (3),0.3678048405818472,False
185,HIP-GMI (3),0.41131613298286374,True
186,HIP-GMI (3),0.11797933115011439,True
187,HIP-GMI (3),0.3089938142151324,False
188,HIP-GMI (3),0.8069301151957666,True
189,HIP-GMI (3),0.4689836209776689,True
190,HIP-GMI (3),0.15231438421466523,False
191,HIP-GMI (3),-0.23891403379868464,True
192,HIP-GMI (3),0.5583728453239135,True
193,HIP-GMI (3),0.15918730901782835,True
194,HIP-GMI (3),0.5515866226986557,True
195,HIP-GMI (3),0.6459779114218233,False
196,HIP-GMI (3),0.40800608034606134,False
197,HIP-GMI (3),0.22280364743797165,True
198,HIP-GMI (3),0.784927650275824,True
199,HIP-GMI (3),0.12194870692393148,True
0,FUS-GMI (4),0.5314466936532486,False
1,FUS-GMI (4),0.48555342719450706,True
2,FUS-GMI (4),0.6204328099683579,True
3,FUS-GMI (4),0.4638708186035334,True
4,FUS-GMI (4),0.5885559809437713,True
5,FUS-GMI (4),0.6063807441650029,False
6,FUS-GMI (4),0.5989206185879214,True
7,FUS-GMI (4),0.433074960709022,True
8,FUS-GMI (4),0.6255488570514529,True
9,FUS-GMI (4),0.5807473301848665,True
10,FUS-GMI (4),0.5977672883433319,True
11,FUS-GMI (4),0.5027067714188487,True
12,FUS-GMI (4),0.5464106067892899,False
13,FUS-GMI (4),0.5839874259966237,True
14,FUS-GMI (4),0.4306445998059121,True
15,FUS-GMI (4),0.6869620755412646,True
16,FUS-GMI (4),0.5602888887053776,True
17,FUS-GMI (4),0.6990128114966273,True
18,FUS-GMI (4),0.5931850858001038,True
19,FUS-GMI (4),0.5814710491954672,True
20,FUS-GMI (4),0.5449985393472079,False
21,FUS-GMI (4),0.6143568563504492,False
22,FUS-GMI (4),0.4694591980391589,True
23,FUS-GMI (4),0.43230038651125174,True
24,FUS-GMI (4),0.6032069377791582,True
25,FUS-GMI (4),0.5867336790884594,False
26,FUS-GMI (4),0.6277708529584721,True
27,FUS-GMI (4),0.6614873783621988,True
28,FUS-GMI (4),0.5623357202831211,True
29,FUS-GMI (4),0.5060402244901688,True
30,FUS-GMI (4),0.5792583004488749,False
31,FUS-GMI (4),0.4772326128481998,True
32,FUS-GMI (4),0.663759590654246,False
33,FUS-GMI (4),0.4949400402057921,True
34,FUS-GMI (4),0.43104479230825815,True
35,FUS-GMI (4),0.5510348110690442,False
36,FUS-GMI (4),0.4847250817412464,True
37,FUS-GMI (4),0.5160710462209981,True
38,FUS-GMI (4),0.5010907563106445,True
39,FUS-GMI (4),0.6248178307056534,False
40,FUS-GMI (4),0.47228075850137996,True
41,FUS-GMI (4),0.5657150661871224,True
42,FUS-GMI (4),0.4162026881359817,True
43,FUS-GMI (4),0.7241313360956566,False
44,FUS-GMI (4),0.5431401723773782,False
45,FUS-GMI (4),0.3856761150210935,True
46,FUS-GMI (4),0.5864288703168177,True
47,FUS-GMI (4),0.6830203672094871,True
48,FUS-GMI (4),0.674108652005768,False
49,FUS-GMI (4),0.47341460361378895,True
50,FUS-GMI (4),0.4966515368136317,True
51,FUS-GMI (4),0.588071494649276,True
52,FUS-GMI (4),0.6255464175547785,False
53,FUS-GMI (4),0.6200752477524742,True
54,FUS-GMI (4),0.5152752416806938,False
55,FUS-GMI (4),0.5038221878964683,True
56,FUS-GMI (4),0.6179462711466711,True
57,FUS-GMI (4),0.5193467226094141,False
58,FUS-GMI (4),0.5374616306884001,True
59,FUS-GMI (4),0.6352874092608058,False
60,FUS-GMI (4),0.6135387970872115,True
61,FUS-GMI (4),0.7508254926286619,True
62,FUS-GMI (4),0.64176868217907,True
63,FUS-GMI (4),0.46962272376193104,True
64,FUS-GMI (4),0.5261842098314823,True
65,FUS-GMI (4),0.5127540864515189,False
66,FUS-GMI (4),0.6955164820541524,True
67,FUS-GMI (4),0.4780859016895457,True
68,FUS-GMI (4),0.615830468974258,True
69,FUS-GMI (4),0.49506940288615514,True
70,FUS-GMI (4),0.5336754419867069,True
71,FUS-GMI (4),0.7247294109412183,True
72,FUS-GMI (4),0.4720567451086103,True
73,FUS-GMI (4),0.49363223941713297,True
74,FUS-GMI (4),0.4687964613944775,True
75,FUS-GMI (4),0.5216470486537549,True
76,FUS-GMI (4),0.5562787762894819,True
77,FUS-GMI (4),0.6917038929593022,True
78,FUS-GMI (4),0.4949354256313419,False
79,FUS-GMI (4),0.5597575558001514,False
80,FUS-GMI (4),0.4077977259637192,True
81,FUS-GMI (4),0.5968526444022366,True
82,FUS-GMI (4),0.42713971735263373,True
83,FUS-GMI (4),0.4269179163489913,True
84,FUS-GMI (4),0.48403375404909854,True
85,FUS-GMI (4),0.5957742803058375,True
86,FUS-GMI (4),0.5800231537103695,True
87,FUS-GMI (4),0.5289191162445707,True
88,FUS-GMI (4),0.7730338322799711,False
89,FUS-GMI (4),0.6153264782949331,False
90,FUS-GMI (4),0.4409047714183548,True
91,FUS-GMI (4),0.6064950279038637,False
92,FUS-GMI (4),0.4845740600816761,True
93,FUS-GMI (4),0.641740407099873,False
94,FUS-GMI (4),0.5449146198709639,True
95,FUS-GMI (4),0.5854253811506831,False
96,FUS-GMI (4),0.5304015415821027,True
97,FUS-GMI (4),0.4678547056039811,True
98,FUS-GMI (4),0.5954200341088761,False
99,FUS-GMI (4),0.5657084936436994,True
100,FUS-GMI (4),0.5336112685068899,True
101,FUS-GMI (4),0.5440356595844991,True
102,FUS-GMI (4),0.652653784124163,True
103,FUS-GMI (4),0.6658562985096455,True
104,FUS-GMI (4),0.4583502165612282,True
105,FUS-GMI (4),0.44017081479041437,True
106,FUS-GMI (4),0.4850206865140275,True
107,FUS-GMI (4),0.4184340937856987,True
108,FUS-GMI (4),0.5873198928470578,True
109,FUS-GMI (4),0.5345377001827293,True
110,FUS-GMI (4),0.618814537654551,False
111,FUS-GMI (4),0.5070150578021061,True
112,FUS-GMI (4),0.6049269072265022,False
113,FUS-GMI (4),0.4520998114487736,True
114,FUS-GMI (4),0.589100417853802,True
115,FUS-GMI (4),0.4330473887518025,True
116,FUS-GMI (4),0.4407118261811047,True
117,FUS-GMI (4),0.6637516087885161,True
118,FUS-GMI (4),0.5284221286350566,True
119,FUS-GMI (4),0.5894746634703789,True
120,FUS-GMI (4),0.6028019760364888,True
121,FUS-GMI (4),0.5351843298493993,True
122,FUS-GMI (4),0.5780482486540618,True
123,FUS-GMI (4),0.6040059268834583,True
124,FUS-GMI (4),0.6490935406978376,True
125,FUS-GMI (4),0.5592119950066464,True
126,FUS-GMI (4),0.5866532616124633,True
127,FUS-GMI (4),0.6466225334985307,False
128,FUS-GMI (4),0.5269977615436284,False
129,FUS-GMI (4),0.47797907954188473,True
130,FUS-GMI (4),0.5171648238555788,False
131,FUS-GMI (4),0.5549544965338487,True
132,FUS-GMI (4),0.6394854824862881,False
133,FUS-GMI (4),0.48561147552001926,True
134,FUS-GMI (4),0.5393427153042086,False
135,FUS-GMI (4),0.5635351492946619,True
136,FUS-GMI (4),0.4695298063331653,True
137,FUS-GMI (4),0.4595582175531374,True
138,FUS-GMI (4),0.6033333737194929,True
139,FUS-GMI (4),0.6355495046568836,False
140,FUS-GMI (4),0.6006029748659388,True
141,FUS-GMI (4),0.5288079937121524,True
142,FUS-GMI (4),0.540326444787661,True
143,FUS-GMI (4),0.6510174083826792,False
144,FUS-GMI (4),0.5010872336243232,True
145,FUS-GMI (4),0.3916682767108799,True
146,FUS-GMI (4),0.47058618800565594,True
147,FUS-GMI (4),0.6738768676828187,True
148,FUS-GMI (4),0.6882665678758145,False
149,FUS-GMI (4),0.5578645813126811,True
150,FUS-GMI (4),0.5247506379424566,False
151,FUS-GMI (4),0.5797764022552465,True
152,FUS-GMI (4),0.6431457961821302,False
153,FUS-GMI (4),0.6770930162549375,True
154,FUS-GMI (4),0.7519103664668024,True
155,FUS-GMI (4),0.6849196712435691,True
156,FUS-GMI (4),0.4660237816183721,True
157,FUS-GMI (4),0.685015187175305,True
158,FUS-GMI (4),0.5457366767698942,True
159,FUS-GMI (4),0.5376279802081794,False
160,FUS-GMI (4),0.44754998783241673,True
161,FUS-GMI (4),0.538823061419471,True
162,FUS-GMI (4),0.6147442867321853,True
163,FUS-GMI (4),0.6976562973030945,True
164,FUS-GMI (4),0.6526842158232459,False
165,FUS-GMI (4),0.5742232817775947,True
166,FUS-GMI (4),0.3699472863975615,True
167,FUS-GMI (4),0.5626637678718707,False
168,FUS-GMI (4),0.6115159030208429,True
169,FUS-GMI (4),0.6397225833498551,True
170,FUS-GMI (4),0.3891252932101901,True
171,FUS-GMI (4),0.7072397306940089,True
172,FUS-GMI (4),0.5667084208768849,True
173,FUS-GMI (4),0.5500232350630079,True
174,FUS-GMI (4),0.6308557884781184,False
175,FUS-GMI (4),0.5725449999661381,False
176,FUS-GMI (4),0.6152443921796769,False
177,FUS-GMI (4),0.6166438449689464,True
178,FUS-GMI (4),0.4875602721973762,True
179,FUS-GMI (4),0.5602819598088946,True
180,FUS-GMI (4),0.6177966966931221,False
181,FUS-GMI (4),0.6366976396628308,True
182,FUS-GMI (4),0.6346792369493448,True
183,FUS-GMI (4),0.5804683963380682,True
184,FUS-GMI (4),0.6329909881385772,False
185,FUS-GMI (4),0.5231856968273166,True
186,FUS-GMI (4),0.48960276185629115,True
187,FUS-GMI (4),0.4764192688755444,False
188,FUS-GMI (4),0.5470847111768942,True
189,FUS-GMI (4),0.4829079712234195,True
190,FUS-GMI (4),0.699838913342239,False
191,FUS-GMI (4),0.5855289050877726,True
192,FUS-GMI (4),0.6364378478028744,True
193,FUS-GMI (4),0.7268081557226654,True
194,FUS-GMI (4),0.578224792597561,True
195,FUS-GMI (4),0.6244437661786313,False
196,FUS-GMI (4),0.6575790998852004,False
197,FUS-GMI (4),0.5802199691492455,True
198,FUS-GMI (4),0.6342178680287801,True
199,FUS-GMI (4),0.5962928641181073,True
0,FUS-FCI (5),-10.872755331132959,False
1,FUS-FCI (5),-26.408336840746983,True
2,FUS-FCI (5),-10.67629894079131,True
3,FUS-FCI (5),-29.630993942015103,True
4,FUS-FCI (5),-4.770904988507511,True
5,FUS-FCI (5),-12.18395542920678,False
6,FUS-FCI (5),-14.111574452299822,True
7,FUS-FCI (5),-24.115995497094154,True
8,FUS-FCI (5),-7.080171102100879,True
9,FUS-FCI (5),-11.86303087735934,True
10,FUS-FCI (5),-12.313683837284993,True
11,FUS-FCI (5),-7.529320876868303,True
12,FUS-FCI (5),-10.055679231300632,False
13,FUS-FCI (5),-13.730674031914702,True
14,FUS-FCI (5),-13.721134142827104,True
15,FUS-FCI (5),-12.430045126468453,True
16,FUS-FCI (5),-10.85521888000199,True
17,FUS-FCI (5),-11.630911112791505,True
18,FUS-FCI (5),-19.13775095313717,True
19,FUS-FCI (5),-14.303454643868289,True
20,FUS-FCI (5),-14.103197723402745,False
21,FUS-FCI (5),-12.55713003028579,False
22,FUS-FCI (5),-9.053149634737172,True
23,FUS-FCI (5),-25.123258151592733,True
24,FUS-FCI (5),-8.953269756451235,True
25,FUS-FCI (5),-5.458271951944919,False
26,FUS-FCI (5),-12.100844532221888,True
27,FUS-FCI (5),-10.375662245787582,True
28,FUS-FCI (5),-11.397651288875188,True
29,FUS-FCI (5),-7.2136695926275145,True
30,FUS-FCI (5),-15.159853415256134,False
31,FUS-FCI (5),-21.12509062121235,True
32,FUS-FCI (5),-10.635961995728776,False
33,FUS-FCI (5),-15.852198645985528,True
34,FUS-FCI (5),-11.569966083819232,True
35,FUS-FCI (5),-14.867326000080764,False
36,FUS-FCI (5),-13.353602949920138,True
37,FUS-FCI (5),-24.17498127376539,True
38,FUS-FCI (5),-8.097585324891847,True
39,FUS-FCI (5),-8.565536394970687,False
40,FUS-FCI (5),-9.160120525846137,True
41,FUS-FCI (5),-13.2930172152671,True
42,FUS-FCI (5),-9.303486373564665,True
43,FUS-FCI (5),-5.848356949064089,False
44,FUS-FCI (5),-13.789093730161891,False
45,FUS-FCI (5),-14.089203168905389,True
46,FUS-FCI (5),-13.784473320419387,True
47,FUS-FCI (5),-4.297703554759791,True
48,FUS-FCI (5),-11.777057998071855,False
49,FUS-FCI (5),-19.784012418299668,True
50,FUS-FCI (5),-10.119617010718345,True
51,FUS-FCI (5),-15.228335135304462,True
52,FUS-FCI (5),-12.25119105081225,False
53,FUS-FCI (5),-14.462897134328205,True
54,FUS-FCI (5),-6.36823457557973,False
55,FUS-FCI (5),-25.44196662922854,True
56,FUS-FCI (5),-6.103358985240739,True
57,FUS-FCI (5),-8.117819030426672,False
58,FUS-FCI (5),-8.405580437437333,True
59,FUS-FCI (5),-10.260163259236476,False
60,FUS-FCI (5),-23.244221641039214,True
61,FUS-FCI (5),-9.222721824953098,True
62,FUS-FCI (5),-11.199729078591194,True
63,FUS-FCI (5),-7.0768978218050265,True
64,FUS-FCI (5),-16.738324621930563,True
65,FUS-FCI (5),-11.71549122601904,False
66,FUS-FCI (5),-10.303773927053218,True
67,FUS-FCI (5),-18.35818165920879,True
68,FUS-FCI (5),-9.989926364917165,True
69,FUS-FCI (5),-12.910857675222566,True
70,FUS-FCI (5),-16.0266348748952,True
71,FUS-FCI (5),-10.12002400761985,True
72,FUS-FCI (5),-12.169818297831682,True
73,FUS-FCI (5),-7.200685102098071,True
74,FUS-FCI (5),-10.081706645966129,True
75,FUS-FCI (5),-13.432628048817234,True
76,FUS-FCI (5),-5.05619991472411,True
77,FUS-FCI (5),-14.854918374794119,True
78,FUS-FCI (5),-8.866397289985992,False
79,FUS-FCI (5),-8.657485103824634,False
80,FUS-FCI (5),-5.716027062042196,True
81,FUS-FCI (5),-7.620818810678916,True
82,FUS-FCI (5),-8.146090354384873,True
83,FUS-FCI (5),-16.900056029299428,True
84,FUS-FCI (5),-22.857533871322033,True
85,FUS-FCI (5),-12.86305517826832,True
86,FUS-FCI (5),-9.243378841115367,True
87,FUS-FCI (5),-13.763866247806627,True
88,FUS-FCI (5),-8.404842711647223,False
89,FUS-FCI (5),-1.331463849643395,False
90,FUS-FCI (5),-19.03080008603589,True
91,FUS-FCI (5),-8.062394293477668,False
92,FUS-FCI (5),-10.402893573494419,True
93,FUS-FCI (5),-12.253792663374696,False
94,FUS-FCI (5),-23.905144976781784,True
95,FUS-FCI (5),-10.051778967889275,False
96,FUS-FCI (5),-7.089131207653704,True
97,FUS-FCI (5),-9.187301291346722,True
98,FUS-FCI (5),-5.781100701859874,False
99,FUS-FCI (5),-12.287900272600552,True
100,FUS-FCI (5),-12.513899056301488,True
101,FUS-FCI (5),-10.151431446241785,True
102,FUS-FCI (5),-12.863827582300546,True
103,FUS-FCI (5),-5.864842409393464,True
104,FUS-FCI (5),-16.06198380339788,True
105,FUS-FCI (5),-13.057444298652634,True
106,FUS-FCI (5),-8.537293264888948,True
107,FUS-FCI (5),-3.912792321689639,True
108,FUS-FCI (5),-9.473566670154892,True
109,FUS-FCI (5),-7.992230225543718,True
110,FUS-FCI (5),-9.337348326215325,False
111,FUS-FCI (5),-7.554020015571405,True
112,FUS-FCI (5),-10.858929911483928,False
113,FUS-FCI (5),-4.836871001633315,True
114,FUS-FCI (5),-8.470766898204415,True
115,FUS-FCI (5),-9.605567601540555,True
116,FUS-FCI (5),-30.63357026780117,True
117,FUS-FCI (5),-7.248524189198973,True
118,FUS-FCI (5),-14.412261764560245,True
119,FUS-FCI (5),-10.181612284524105,True
120,FUS-FCI (5),-4.659831623609905,True
121,FUS-FCI (5),-8.151130573051791,True
122,FUS-FCI (5),-18.92616842449206,True
123,FUS-FCI (5),-11.588202187051474,True
124,FUS-FCI (5),-12.35920745658796,True
125,FUS-FCI (5),-12.282524987763706,True
126,FUS-FCI (5),-13.13857997196976,True
127,FUS-FCI (5),-11.782892574177978,False
128,FUS-FCI (5),-4.9877535194234275,False
129,FUS-FCI (5),-23.92033173611465,True
130,FUS-FCI (5),-4.481938074517066,False
131,FUS-FCI (5),-7.698987113071578,True
132,FUS-FCI (5),-14.575086199909245,False
133,FUS-FCI (5),-12.699035410630934,True
134,FUS-FCI (5),-14.303186068451488,False
135,FUS-FCI (5),-12.622685535678357,True
136,FUS-FCI (5),-10.118601076860221,True
137,FUS-FCI (5),-9.067395105508858,True
138,FUS-FCI (5),-12.607286556592365,True
139,FUS-FCI (5),-8.637111345827057,False
140,FUS-FCI (5),-5.935731689326242,True
141,FUS-FCI (5),-19.827242879193033,True
142,FUS-FCI (5),-16.974202335515525,True
143,FUS-FCI (5),-11.574566952760602,False
144,FUS-FCI (5),-24.540800426810087,True
145,FUS-FCI (5),-13.7861391078503,True
146,FUS-FCI (5),-18.417975267923143,True
147,FUS-FCI (5),-10.28497832644251,True
148,FUS-FCI (5),-14.723754256926888,False
149,FUS-FCI (5),-13.570144687014533,True
150,FUS-FCI (5),-1.770307394810409,False
151,FUS-FCI (5),-8.83695154867644,True
152,FUS-FCI (5),-13.088424177607333,False
153,FUS-FCI (5),-10.010193041137788,True
154,FUS-FCI (5),-4.771123812559944,True
155,FUS-FCI (5),-7.438659770520488,True
156,FUS-FCI (5),-23.386160482913713,True
157,FUS-FCI (5),-8.837303940528379,True
158,FUS-FCI (5),-8.36330902479122,True
159,FUS-FCI (5),-11.070747667110615,False
160,FUS-FCI (5),-13.290762670583089,True
161,FUS-FCI (5),-11.457155335268691,True
162,FUS-FCI (5),-14.256024915846307,True
163,FUS-FCI (5),-14.62775078782399,True
164,FUS-FCI (5),-11.720722742499033,False
165,FUS-FCI (5),-7.861667843783316,True
166,FUS-FCI (5),-28.037161486466204,True
167,FUS-FCI (5),-10.529424506124169,False
168,FUS-FCI (5),-13.040947252861226,True
169,FUS-FCI (5),-8.624760635072802,True
170,FUS-FCI (5),-26.73467819538125,True
171,FUS-FCI (5),-14.206045800208317,True
172,FUS-FCI (5),-9.903407585164313,True
173,FUS-FCI (5),-2.6387427615113355,True
174,FUS-FCI (5),-9.873754745100886,False
175,FUS-FCI (5),-12.614792193204895,False
176,FUS-FCI (5),-4.392784746379993,False
177,FUS-FCI (5),-5.444801968687288,True
178,FUS-FCI (5),-20.8585241851299,True
179,FUS-FCI (5),-28.702754643601292,True
180,FUS-FCI (5),-14.082688507538363,False
181,FUS-FCI (5),-4.068303959720975,True
182,FUS-FCI (5),-11.472520637241265,True
183,FUS-FCI (5),-11.90312560000864,True
184,FUS-FCI (5),-7.985470151957948,False
185,FUS-FCI (5),-27.084023300479295,True
186,FUS-FCI (5),-17.50241927448289,True
187,FUS-FCI (5),-12.380592722355617,False
188,FUS-FCI (5),-34.62090081995675,True
189,FUS-FCI (5),-11.164240944015337,True
190,FUS-FCI (5),-14.045114760272053,False
191,FUS-FCI (5),-5.16009244858245,True
192,FUS-FCI (5),-6.444905896515447,True
193,FUS-FCI (5),-1.7559690654539768,True
194,FUS-FCI (5),-14.125533868606983,True
195,FUS-FCI (5),-8.787524664944153,False
196,FUS-FCI (5),-10.33129538065768,False
197,FUS-FCI (5),-15.05200499087774,True
198,FUS-FCI (5),-7.319135978212,True
199,FUS-FCI (5),-13.189178012897191,True
